{
  ".agent": 1775305405.2975926,
  ".agent/skills": 1775305405.298589,
  ".agent/skills/find-skills": 1775305405.298589,
  ".agents": 1775305405.2997458,
  ".agents/skills": 1777647769.336486,
  ".agents/skills/find-skills": 1775305405.2997458,
  ".agents/skills/lucky-ui-component": 1778161728.586193,
  ".agents/skills/lucky-ui-docs": 1775305405.301742,
  ".agents/skills/lucky-ui-icon": 1775305405.301742,
  ".agents/skills/lucky-ui-theme": 1775305405.302739,
  ".agents/skills/playwright-cli": 1777647769.3638048,
  ".augment": 1775305405.3035839,
  ".augment/skills": 1775305405.3035839,
  ".augment/skills/find-skills": 1775305405.3035839,
  ".claude": 1775305405.3047733,
  ".claude/skills": 1777739363.45207,
  ".claude/skills/find-skills": 1775305405.3047733,
  ".codebuddy": 1775305405.3057714,
  ".codebuddy/skills": 1775305405.3057714,
  ".codebuddy/skills/find-skills": 1775305405.3067682,
  ".commandcode": 1775305405.3067682,
  ".commandcode/skills": 1775305405.307765,
  ".commandcode/skills/find-skills": 1775305405.307765,
  ".continue": 1775305405.3087614,
  ".continue/skills": 1775305405.3087614,
  ".continue/skills/find-skills": 1775305405.3087614,
  ".gemini": 1778956758.6203308,
  ".goose": 1775305405.3117516,
  ".goose/skills": 1775305405.3127482,
  ".goose/skills/find-skills": 1775305405.3127482,
  ".iflow": 1775305405.3137445,
  ".iflow/skills": 1775305405.3137445,
  ".iflow/skills/find-skills": 1775305405.3137445,
  ".playwright-cli": 1777739363.4540694,
  "ai": 1777304725.057774,
  "assets": 1775305405.3177316,
  "assets/bootstrap-icons-selected": 1775305405.7134657,
  "docs": 1778906664.3388786,
  "docs/.vitepress": 1778906664.3277044,
  "docs/.vitepress/cache": 1778595287.2771404,
  "docs/.vitepress/theme": 1778402514.8921776,
  "docs/.vitepress/theme/components": 1775305405.741372,
  "docs/components": 1778906664.3505416,
  "docs/components/basic": 1777482776.127848,
  "docs/guide": 1778906664.3532205,
  "eslint-rules": 1777304725.0767674,
  "scripts": 1778906664.3654604,
  "skills": 1775305405.787219,
  "skills/find-skills": 1775305405.787219,
  "src": 1778906664.3862875,
  "src/components": 1778402514.9748096,
  "src/components/demos": 1778906664.3790808,
  "src/components/showcase": 1778906664.3827112,
  "src/pages": 1778929469.5116708,
  "src/pages/app-main": 1777036719.4750826,
  "src/pages/app-main/tabs": 1778906664.4063878,
  "src/pages/app-main/tabs/components": 1778906664.397322,
  "src/pages/order-detail": 1778402514.9778087,
  "src/pages/showcase": 1777664576.8431268,
  "src/pages/tabbar": 1777304725.187341,
  "src/pages/tabbar/cart": 1777304725.1833408,
  "src/pages/tabbar/detail": 1778402514.97981,
  "src/pages/tabbar/home": 1777304725.1853402,
  "src/pages/tabbar/mine": 1777304725.187341,
  "src/pages/tabbar/overview": 1778906664.4099717,
  "src/pages/tabbar/overview/components": 1777739355.8158913,
  "src/pages/todo": 1778906664.412004,
  "src/pages_sub": 1778929469.5116708,
  "src/pages_sub/analytics": 1778906664.4130137,
  "src/pages_sub/auth": 1778906664.4160159,
  "src/pages_sub/check-in": 1778906664.4185264,
  "src/pages_sub/component-detail": 1778906664.4200468,
  "src/pages_sub/edit-profile": 1778906664.4220483,
  "src/pages_sub/playground": 1777304725.200343,
  "src/pages_sub/product-detail": 1778906664.4260466,
  "src/pages_sub/search": 1778906664.427047,
  "src/pages_sub/settings": 1778906664.4290476,
  "src/static": 1775305405.839033,
  "src/stores": 1778564519.1739588,
  "src/styles": 1778564519.1749575,
  "src/uni_modules": 1778929704.401955,
  "src/uni_modules/lucky-ui": 1778906664.431047,
  "src/uni_modules/lucky-ui/assets": 1775305405.8430202,
  "src/uni_modules/lucky-ui/assets/bootstrap-icons-selected": 1775305406.2661173,
  "src/uni_modules/lucky-ui/components": 1778906664.7032156,
  "src/uni_modules/lucky-ui/components/common": 1775305406.2671142,
  "src/uni_modules/lucky-ui/components/common/props": 1777304725.208344,
  "src/uni_modules/lucky-ui/components/demo-block": 1778906664.4350462,
  "src/uni_modules/lucky-ui/components/lk-action-sheet": 1778906664.4406748,
  "src/uni_modules/lucky-ui/components/lk-anchor": 1778906664.4481647,
  "src/uni_modules/lucky-ui/components/lk-avatar": 1778906664.4538774,
  "src/uni_modules/lucky-ui/components/lk-backtop": 1778906664.4576564,
  "src/uni_modules/lucky-ui/components/lk-badge": 1778906664.461774,
  "src/uni_modules/lucky-ui/components/lk-button": 1778906664.4668186,
  "src/uni_modules/lucky-ui/components/lk-calendar": 1778906664.4784646,
  "src/uni_modules/lucky-ui/components/lk-calendar/utils": 1777304725.2523403,
  "src/uni_modules/lucky-ui/components/lk-card": 1778906664.4844828,
  "src/uni_modules/lucky-ui/components/lk-carousel": 1778915727.492457,
  "src/uni_modules/lucky-ui/components/lk-cell": 1778906664.4969952,
  "src/uni_modules/lucky-ui/components/lk-chart-area": 1778954950.492938,
  "src/uni_modules/lucky-ui/components/lk-chart-bar": 1778954950.4985142,
  "src/uni_modules/lucky-ui/components/lk-chart-line": 1778954950.5025163,
  "src/uni_modules/lucky-ui/components/lk-chart-pie": 1778955182.4381497,
  "src/uni_modules/lucky-ui/components/lk-chart-radar-lite": 1778906664.5207388,
  "src/uni_modules/lucky-ui/components/lk-chart-ring": 1778955182.4401507,
  "src/uni_modules/lucky-ui/components/lk-chart-sparkline": 1778906664.5293455,
  "src/uni_modules/lucky-ui/components/lk-chart-stat-card": 1778906664.5339108,
  "src/uni_modules/lucky-ui/components/lk-checkbox": 1778906664.5401924,
  "src/uni_modules/lucky-ui/components/lk-choice": 1778906664.5464096,
  "src/uni_modules/lucky-ui/components/lk-collapse": 1778906664.5546834,
  "src/uni_modules/lucky-ui/components/lk-curtain": 1778906664.5639186,
  "src/uni_modules/lucky-ui/components/lk-date-picker": 1777482776.2316232,
  "src/uni_modules/lucky-ui/components/lk-divider": 1778906664.5700934,
  "src/uni_modules/lucky-ui/components/lk-dropdown": 1778906664.5759852,
  "src/uni_modules/lucky-ui/components/lk-fab": 1778906664.586602,
  "src/uni_modules/lucky-ui/components/lk-form": 1778906664.5943666,
  "src/uni_modules/lucky-ui/components/lk-grid": 1778906664.6001065,
  "src/uni_modules/lucky-ui/components/lk-horizontal-scroll": 1778906664.6052098,
  "src/uni_modules/lucky-ui/components/lk-icon": 1778906664.6089122,
  "src/uni_modules/lucky-ui/components/lk-icon/fonts": 1778929703.7085717,
  "src/uni_modules/lucky-ui/components/lk-image": 1778906664.613317,
  "src/uni_modules/lucky-ui/components/lk-index-bar": 1777304725.3120313,
  "src/uni_modules/lucky-ui/components/lk-input": 1778906664.6186829,
  "src/uni_modules/lucky-ui/components/lk-keyboard": 1778906664.6234617,
  "src/uni_modules/lucky-ui/components/lk-loading": 1778906664.6299016,
  "src/uni_modules/lucky-ui/components/lk-meta-row": 1778906664.636926,
  "src/uni_modules/lucky-ui/components/lk-modal": 1778906664.6444242,
  "src/uni_modules/lucky-ui/components/lk-navbar": 1778906664.6483102,
  "src/uni_modules/lucky-ui/components/lk-notice-bar": 1778906664.6540058,
  "src/uni_modules/lucky-ui/components/lk-number-keyboard": 1777304725.3845496,
  "src/uni_modules/lucky-ui/components/lk-number-roller": 1778906664.6605628,
  "src/uni_modules/lucky-ui/components/lk-overlay": 1778906664.6653302,
  "src/uni_modules/lucky-ui/components/lk-picker": 1778906664.6702032,
  "src/uni_modules/lucky-ui/components/lk-popup": 1778906664.6751766,
  "src/uni_modules/lucky-ui/components/lk-preload-debugger": 1778906664.679168,
  "src/uni_modules/lucky-ui/components/lk-progress": 1778955913.4727366,
  "src/uni_modules/lucky-ui/components/lk-radio": 1778906664.6940806,
  "src/uni_modules/lucky-ui/components/lk-rate": 1778906664.6983616,
  "src/uni_modules/lucky-ui/components/lk-segmented": 1778906664.7026672,
  "src/uni_modules/lucky-ui/components/lk-skeleton": 1778906664.7127714,
  "src/uni_modules/lucky-ui/components/lk-slider": 1778954162.0253522,
  "src/uni_modules/lucky-ui/components/lk-space": 1778906664.7243953,