{
  ".agent": 1775305405.2975926,
  ".agent/skills": 1775305405.298589,
  ".agent/skills/find-skills": 1775305405.298589,
  ".agents": 1775305405.2997458,
  ".agents/skills": 1777647769.336486,
  ".agents/skills/find-skills": 1775305405.2997458,
  ".agents/skills/lucky-ui-component": 1778161728.586193,
  ".agents/skills/lucky-ui-docs": 1775305405.301742,
  ".agents/skills/lucky-ui-icon": 1775305405.301742,
  ".agents/skills/lucky-ui-theme": 1775305405.302739,
  ".agents/skills/playwright-cli": 1777647769.3638048,
  ".augment": 1775305405.3035839,
  ".augment/skills": 1775305405.3035839,
  ".augment/skills/find-skills": 1775305405.3035839,
  ".claude": 1775305405.3047733,
  ".claude/skills": 1777739363.45207,
  ".claude/skills/find-skills": 1775305405.3047733,
  ".codebuddy": 1775305405.3057714,
  ".codebuddy/skills": 1775305405.3057714,
  ".codebuddy/skills/find-skills": 1775305405.3067682,
  ".commandcode": 1775305405.3067682,
  ".commandcode/skills": 1775305405.307765,
  ".commandcode/skills/find-skills": 1775305405.307765,
  ".continue": 1775305405.3087614,
  ".continue/skills": 1775305405.3087614,
  ".continue/skills/find-skills": 1775305405.3087614,
  ".gemini": 1777036719.387081,
  ".goose": 1775305405.3117516,
  ".goose/skills": 1775305405.3127482,
  ".goose/skills/find-skills": 1775305405.3127482,
  ".iflow": 1775305405.3137445,
  ".iflow/skills": 1775305405.3137445,
  ".iflow/skills/find-skills": 1775305405.3137445,
  ".playwright-cli": 1777739363.4540694,
  "ai": 1777304725.057774,
  "assets": 1775305405.3177316,
  "assets/bootstrap-icons-selected": 1775305405.7134657,
  "docs": 1777304725.062768,
  "docs/.vitepress": 1777620653.441314,
  "docs/.vitepress/cache": 1777620689.5835183,
  "docs/.vitepress/theme": 1775305405.7423692,
  "docs/.vitepress/theme/components": 1775305405.741372,
  "docs/components": 1778161723.8932474,
  "docs/components/basic": 1777482776.127848,
  "docs/guide": 1777304725.0737803,
  "eslint-rules": 1777304725.0767674,
  "scripts": 1777304725.0903547,
  "skills": 1775305405.787219,
  "skills/find-skills": 1775305405.787219,
  "src": 1777482776.1662617,
  "src/components": 1777304729.2033925,
  "src/components/demos": 1778161728.5921924,
  "src/components/showcase": 1777739355.8018906,
  "src/pages": 1777304725.1913438,
  "src/pages/app-main": 1777036719.4750826,
  "src/pages/app-main/tabs": 1777304725.1793432,
  "src/pages/app-main/tabs/components": 1778161728.5931933,
  "src/pages/order-detail": 1777304725.180342,
  "src/pages/showcase": 1777664576.8431268,
  "src/pages/tabbar": 1777304725.187341,
  "src/pages/tabbar/cart": 1777304725.1833408,
  "src/pages/tabbar/detail": 1777304725.1843402,
  "src/pages/tabbar/home": 1777304725.1853402,
  "src/pages/tabbar/mine": 1777304725.187341,
  "src/pages/tabbar/overview": 1777304725.1903563,
  "src/pages/tabbar/overview/components": 1777739355.8158913,
  "src/pages/todo": 1777739355.8168921,
  "src/pages_sub": 1777304725.0367668,
  "src/pages_sub/analytics": 1777739355.8198931,
  "src/pages_sub/auth": 1777739355.8218899,
  "src/pages_sub/check-in": 1777739355.8238938,
  "src/pages_sub/component-detail": 1777739355.8268905,
  "src/pages_sub/edit-profile": 1777304725.1993418,
  "src/pages_sub/playground": 1777304725.200343,
  "src/pages_sub/product-detail": 1777739355.8288906,
  "src/pages_sub/search": 1777739355.8328917,
  "src/pages_sub/settings": 1777739355.8338904,
  "src/static": 1775305405.839033,
  "src/stores": 1778161728.595194,
  "src/styles": 1775305405.8400297,
  "src/uni_modules": 1777731649.291292,
  "src/uni_modules/lucky-ui": 1777482776.1826196,
  "src/uni_modules/lucky-ui/assets": 1775305405.8430202,
  "src/uni_modules/lucky-ui/assets/bootstrap-icons-selected": 1775305406.2661173,
  "src/uni_modules/lucky-ui/components": 1777611578.5057762,
  "src/uni_modules/lucky-ui/components/common": 1775305406.2671142,
  "src/uni_modules/lucky-ui/components/common/props": 1777304725.208344,
  "src/uni_modules/lucky-ui/components/demo-block": 1777739355.8368914,
  "src/uni_modules/lucky-ui/components/lk-action-sheet": 1777482776.1866186,
  "src/uni_modules/lucky-ui/components/lk-anchor": 1777304725.2293417,
  "src/uni_modules/lucky-ui/components/lk-avatar": 1777304725.2333424,
  "src/uni_modules/lucky-ui/components/lk-backtop": 1777482776.1896172,
  "src/uni_modules/lucky-ui/components/lk-badge": 1778161728.5961933,
  "src/uni_modules/lucky-ui/components/lk-button": 1777620348.4948277,
  "src/uni_modules/lucky-ui/components/lk-calendar": 1778161723.8962464,
  "src/uni_modules/lucky-ui/components/lk-calendar/utils": 1777304725.2523403,
  "src/uni_modules/lucky-ui/components/lk-card": 1778161728.6011932,
  "src/uni_modules/lucky-ui/components/lk-carousel": 1777482776.2026186,
  "src/uni_modules/lucky-ui/components/lk-cell": 1778161723.8982625,
  "src/uni_modules/lucky-ui/components/lk-chart-area": 1778161728.6031942,
  "src/uni_modules/lucky-ui/components/lk-chart-bar": 1778161728.6051936,
  "src/uni_modules/lucky-ui/components/lk-chart-line": 1778161728.6061933,
  "src/uni_modules/lucky-ui/components/lk-chart-pie": 1778161728.607195,
  "src/uni_modules/lucky-ui/components/lk-chart-radar-lite": 1778161728.609193,
  "src/uni_modules/lucky-ui/components/lk-chart-ring": 1778161728.6121953,
  "src/uni_modules/lucky-ui/components/lk-chart-sparkline": 1778161728.6131942,
  "src/uni_modules/lucky-ui/components/lk-chart-stat-card": 1778161723.8992424,
  "src/uni_modules/lucky-ui/components/lk-checkbox": 1777482776.224619,
  "src/uni_modules/lucky-ui/components/lk-choice": 1777304725.2663412,
  "src/uni_modules/lucky-ui/components/lk-collapse": 1778161723.9002464,
  "src/uni_modules/lucky-ui/components/lk-curtain": 1777304725.2773428,
  "src/uni_modules/lucky-ui/components/lk-date-picker": 1777482776.2316232,
  "src/uni_modules/lucky-ui/components/lk-divider": 1777304725.2863395,
  "src/uni_modules/lucky-ui/components/lk-dropdown": 1777482776.2356167,
  "src/uni_modules/lucky-ui/components/lk-fab": 1777664576.857166,
  "src/uni_modules/lucky-ui/components/lk-form": 1777482776.2414734,
  "src/uni_modules/lucky-ui/components/lk-grid": 1778161728.6181936,
  "src/uni_modules/lucky-ui/components/lk-horizontal-scroll": 1777304725.3013418,
  "src/uni_modules/lucky-ui/components/lk-icon": 1777304725.303341,
  "src/uni_modules/lucky-ui/components/lk-icon/fonts": 1775305406.3334677,
  "src/uni_modules/lucky-ui/components/lk-image": 1777482776.247475,
  "src/uni_modules/lucky-ui/components/lk-index-bar": 1777304725.3120313,
  "src/uni_modules/lucky-ui/components/lk-input": 1777482776.2517028,
  "src/uni_modules/lucky-ui/components/lk-keyboard": 1777485715.157891,
  "src/uni_modules/lucky-ui/components/lk-loading": 1777304725.3190317,
  "src/uni_modules/lucky-ui/components/lk-meta-row": 1777611590.4885657,
  "src/uni_modules/lucky-ui/components/lk-modal": 1777482776.2557025,
  "src/uni_modules/lucky-ui/components/lk-navbar": 1778161728.6191936,
  "src/uni_modules/lucky-ui/components/lk-notice-bar": 1777482776.257702,
  "src/uni_modules/lucky-ui/components/lk-number-keyboard": 1777304725.3845496,
  "src/uni_modules/lucky-ui/components/lk-number-roller": 1777304725.3865485,
  "src/uni_modules/lucky-ui/components/lk-overlay": 1777482776.260887,
  "src/uni_modules/lucky-ui/components/lk-picker": 1777482776.2638953,
  "src/uni_modules/lucky-ui/components/lk-popup": 1777482776.2658951,
  "src/uni_modules/lucky-ui/components/lk-preload-debugger": 1777304725.5247672,
  "src/uni_modules/lucky-ui/components/lk-progress": 1777482776.2678943,
  "src/uni_modules/lucky-ui/components/lk-radio": 1777482776.271895,
  "src/uni_modules/lucky-ui/components/lk-rate": 1777482776.2748964,
  "src/uni_modules/lucky-ui/components/lk-segmented": 1777482776.277015,
  "src/uni_modules/lucky-ui/components/lk-skeleton": 1777304725.5986223,
  "src/uni_modules/lucky-ui/components/lk-slider": 1777482776.282034,
  "src/uni_modules/lucky-ui/components/lk-space": 1778161728.6201959,