{
  ".agent": 1779120855.884941,
  ".agent/skills": 1779120855.884941,
  ".agent/skills/find-skills": 1779120855.8859403,
  ".agents": 1779120855.8869393,
  ".agents/skills": 1779120855.890951,
  ".agents/skills/find-skills": 1779120855.8879397,
  ".agents/skills/lucky-ui-component": 1779120855.8889618,
  ".agents/skills/lucky-ui-docs": 1779120855.889951,
  ".agents/skills/lucky-ui-icon": 1779120855.889951,
  ".agents/skills/lucky-ui-theme": 1779120855.890951,
  ".agents/skills/playwright-cli": 1779120855.8919377,
  ".augment": 1779120855.8919377,
  ".augment/skills": 1779120855.8929572,
  ".augment/skills/find-skills": 1779120855.8929572,
  ".claude": 1779120855.8939562,
  ".claude/skills": 1779120855.8939562,
  ".claude/skills/find-skills": 1779120855.8939562,
  ".codebuddy": 1779120855.8959808,
  ".codebuddy/skills": 1779120855.8959808,
  ".codebuddy/skills/find-skills": 1779120855.8959808,
  ".commandcode": 1779120855.8976493,
  ".commandcode/skills": 1779120855.8976493,
  ".commandcode/skills/find-skills": 1779120855.8976493,
  ".continue": 1779120855.8986478,
  ".continue/skills": 1779120855.8996503,
  ".continue/skills/find-skills": 1779120855.8996503,
  ".gemini": 1779120855.9051695,
  ".goose": 1779120855.9082725,
  ".goose/skills": 1779120855.9082725,
  ".goose/skills/find-skills": 1779120855.909168,
  ".iflow": 1779120855.909168,
  ".iflow/skills": 1779120855.909168,
  ".iflow/skills/find-skills": 1779120855.91017,
  ".playwright-cli": 1777739363.4540694,
  "ai": 1779120855.9236171,
  "assets": 1779120855.92462,
  "assets/bootstrap-icons-selected": 1779120856.3770552,
  "docs": 1779120856.4561322,
  "docs/.vitepress": 1779120856.4061277,
  "docs/.vitepress/cache": 1779120856.3781345,
  "docs/.vitepress/theme": 1779120856.4100535,
  "docs/.vitepress/theme/components": 1779120856.4081333,
  "docs/components": 1779120856.4531689,
  "docs/components/basic": 1779120856.4231727,
  "docs/guide": 1779120856.4551363,
  "eslint-rules": 1779120856.4561322,
  "scripts": 1779120856.4691257,
  "skills": 1779120856.4711359,
  "skills/find-skills": 1779120856.4721258,
  "src": 1779120857.2502732,
  "src/components": 1779120856.5071418,
  "src/components/demos": 1779120856.505135,
  "src/components/showcase": 1779120856.5061376,
  "src/pages": 1779120856.520131,
  "src/pages/app-main": 1779120856.511068,
  "src/pages/app-main/tabs": 1779120856.5161352,
  "src/pages/app-main/tabs/components": 1779125440.889428,
  "src/pages/order-detail": 1779120856.5161352,
  "src/pages/showcase": 1777664576.8431268,
  "src/pages/tabbar": 1779120856.520131,
  "src/pages/tabbar/cart": 1779120856.5171373,
  "src/pages/tabbar/detail": 1779120856.518154,
  "src/pages/tabbar/home": 1779120856.5191326,
  "src/pages/tabbar/mine": 1779120856.5191326,
  "src/pages/tabbar/overview": 1779120856.520131,
  "src/pages/tabbar/overview/components": 1777739355.8158913,
  "src/pages/todo": 1779120856.5211332,
  "src/pages_sub": 1779120856.5300982,
  "src/pages_sub/analytics": 1779120856.5221362,
  "src/pages_sub/auth": 1779120856.5221362,
  "src/pages_sub/check-in": 1779120856.5231445,
  "src/pages_sub/component-detail": 1779120856.52413,
  "src/pages_sub/edit-profile": 1779120856.5251038,
  "src/pages_sub/playground": 1779120856.5271375,
  "src/pages_sub/product-detail": 1779125924.8606985,
  "src/pages_sub/search": 1779120856.5281458,
  "src/pages_sub/settings": 1779120856.5291374,
  "src/static": 1779120856.5311632,
  "src/stores": 1779120856.5331442,
  "src/styles": 1779120856.5331442,
  "src/uni_modules": 1779120856.5351312,
  "src/uni_modules/lucky-ui": 1779120857.2483704,
  "src/uni_modules/lucky-ui/assets": 1779120856.5351312,
  "src/uni_modules/lucky-ui/assets/bootstrap-icons-selected": 1779120856.9872735,
  "src/uni_modules/lucky-ui/components": 1779120857.197348,
  "src/uni_modules/lucky-ui/components/common": 1779120856.9892883,
  "src/uni_modules/lucky-ui/components/common/props": 1779120856.9892883,
  "src/uni_modules/lucky-ui/components/demo-block": 1779120856.990288,
  "src/uni_modules/lucky-ui/components/lk-action-sheet": 1779120856.9942946,
  "src/uni_modules/lucky-ui/components/lk-anchor": 1779120856.9972928,
  "src/uni_modules/lucky-ui/components/lk-avatar": 1779120856.999288,
  "src/uni_modules/lucky-ui/components/lk-backtop": 1779120857.0012734,
  "src/uni_modules/lucky-ui/components/lk-badge": 1779120857.0032744,
  "src/uni_modules/lucky-ui/components/lk-button": 1779120857.0072978,
  "src/uni_modules/lucky-ui/components/lk-calendar": 1779120857.0132742,
  "src/uni_modules/lucky-ui/components/lk-calendar/utils": 1777304725.2523403,
  "src/uni_modules/lucky-ui/components/lk-card": 1779120857.0162926,
  "src/uni_modules/lucky-ui/components/lk-carousel": 1779120857.0192876,
  "src/uni_modules/lucky-ui/components/lk-cell": 1779120857.0212874,
  "src/uni_modules/lucky-ui/components/lk-chart-area": 1779120857.025276,
  "src/uni_modules/lucky-ui/components/lk-chart-bar": 1779120857.028293,
  "src/uni_modules/lucky-ui/components/lk-chart-line": 1779120857.0303893,
  "src/uni_modules/lucky-ui/components/lk-chart-pie": 1779120857.033274,
  "src/uni_modules/lucky-ui/components/lk-chart-radar-lite": 1779120857.0353754,
  "src/uni_modules/lucky-ui/components/lk-chart-ring": 1779120857.0373738,
  "src/uni_modules/lucky-ui/components/lk-chart-sparkline": 1779120857.0403764,
  "src/uni_modules/lucky-ui/components/lk-chart-stat-card": 1779120857.042276,
  "src/uni_modules/lucky-ui/components/lk-checkbox": 1779120857.046274,
  "src/uni_modules/lucky-ui/components/lk-choice": 1779120857.0482876,
  "src/uni_modules/lucky-ui/components/lk-collapse": 1779120857.0512886,
  "src/uni_modules/lucky-ui/components/lk-curtain": 1779120857.0553527,
  "src/uni_modules/lucky-ui/components/lk-date-picker": 1777482776.2316232,
  "src/uni_modules/lucky-ui/components/lk-divider": 1779120857.0583456,
  "src/uni_modules/lucky-ui/components/lk-dropdown": 1779120857.0623643,
  "src/uni_modules/lucky-ui/components/lk-fab": 1779120857.067287,
  "src/uni_modules/lucky-ui/components/lk-form": 1779120857.0703483,
  "src/uni_modules/lucky-ui/components/lk-grid": 1779120857.07436,
  "src/uni_modules/lucky-ui/components/lk-horizontal-scroll": 1779120857.0772738,
  "src/uni_modules/lucky-ui/components/lk-icon": 1779120857.0902731,
  "src/uni_modules/lucky-ui/components/lk-icon/fonts": 1779120857.0882728,
  "src/uni_modules/lucky-ui/components/lk-image": 1779120857.095273,
  "src/uni_modules/lucky-ui/components/lk-index-bar": 1777304725.3120313,
  "src/uni_modules/lucky-ui/components/lk-input": 1779120857.0972724,
  "src/uni_modules/lucky-ui/components/lk-keyboard": 1779120857.1002717,
  "src/uni_modules/lucky-ui/components/lk-loading": 1779120857.1032732,
  "src/uni_modules/lucky-ui/components/lk-meta-row": 1779120857.105274,
  "src/uni_modules/lucky-ui/components/lk-modal": 1779120857.1092756,
  "src/uni_modules/lucky-ui/components/lk-navbar": 1779120857.1122746,
  "src/uni_modules/lucky-ui/components/lk-notice-bar": 1779120857.1152916,
  "src/uni_modules/lucky-ui/components/lk-number-keyboard": 1777304725.3845496,
  "src/uni_modules/lucky-ui/components/lk-number-roller": 1779120857.1172714,
  "src/uni_modules/lucky-ui/components/lk-overlay": 1779120857.1192715,
  "src/uni_modules/lucky-ui/components/lk-picker": 1779120857.1232724,
  "src/uni_modules/lucky-ui/components/lk-popup": 1779120857.127273,
  "src/uni_modules/lucky-ui/components/lk-preload-debugger": 1779120857.1292915,
  "src/uni_modules/lucky-ui/components/lk-progress": 1779120857.1322885,
  "src/uni_modules/lucky-ui/components/lk-radio": 1779120857.1372926,
  "src/uni_modules/lucky-ui/components/lk-rate": 1779120857.1392884,
  "src/uni_modules/lucky-ui/components/lk-segmented": 1779120857.1422746,
  "src/uni_modules/lucky-ui/components/lk-skeleton": 1779120857.147288,
  "src/uni_modules/lucky-ui/components/lk-slider": 1779120857.1492865,
  "src/uni_modules/lucky-ui/components/lk-space": 1779120857.1522865,